{
	"IcoMoonType": "selection",
	"icons": [
		{
			"icon": {
				"paths": [
					"M768 640v-128h-320v-128h320v-128l192 192zM704 576v256h-320v192l-384-192v-832h704v320h-64v-256h-512l256 128v576h256v-192h64z"
				],
				"attrs": [
					{}
				],
				"isMulticolor": false,
				"tags": [
					"less"
				],
				"defaultCode": 101,
				"grid": 0
			},
			"attrs": [
				{}
			],
			"properties": {
				"id": 0,
				"order": 22,
				"prevSize": 32,
				"code": 101,
				"name": "less"
			},
			"setIdx": 0,
			"setId": 4,
			"iconIdx": 0
		},
		{
			"icon": {
				"paths": [
					"M896 0h-896v1024h1024v-896l-128-128zM512 128h128v256h-128v-256zM896 896h-768v-768h64v320h576v-320h75l53 53v715z"
				],
				"attrs": [
					{}
				],
				"isMulticolor": false,
				"tags": [
					"S"
				],
				"defaultCode": 102,
				"grid": 0
			},
			"attrs": [
				{}
			],
			"properties": {
				"id": 1,
				"order": 23,
				"prevSize": 32,
				"code": 102,
				"name": "S"
			},
			"setIdx": 0,
			"setId": 4,
			"iconIdx": 1
		},
		{
			"icon": {
				"paths": [
					"M864 0q66 0 113 47t47 113q0 27-8.5 51.5t-23.5 44.5l-64 64-224-224 64-64q20-15 44.5-23.5t51.5-8.5v0zM64 736l-64 288 288-64 592-592-224-224-592 592zM716 364l-448 448-56-56 448-448 56 56z"
				],
				"attrs": [
					{}
				],
				"isMulticolor": false,
				"tags": [
					"e"
				],
				"defaultCode": 112,
				"grid": 0
			},
			"attrs": [
				{}
			],
			"properties": {
				"id": 2,
				"order": 24,
				"prevSize": 32,
				"code": 112,
				"name": "e"
			},
			"setIdx": 0,
			"setId": 4,
			"iconIdx": 2
		},
		{
			"icon": {
				"paths": [
					"M512 0q-66 0-124.5 25t-102 68.5-68.5 102-25 124.5q0 120 50 245t110 227 110 167l50 65 50-65t110-167 110-227 50-245q0-66-25-124.5t-68.5-102-102-68.5-124.5-25v0zM512 516q-41 0-76.5-15.5t-62-42-42-62-15.5-76.5 15.5-76.5 42-62 62-42 76.5-15.5 76.5 15.5 62 42 42 62 15.5 76.5-15.5 76.5-42 62-62 42-76.5 15.5v0zM388 320q0-51 36.5-87.5t87.5-36.5 87.5 36.5 36.5 87.5-36.5 87.5-87.5 36.5-87.5-36.5-36.5-87.5v0z"
				],
				"attrs": [
					{}
				],
				"isMulticolor": false,
				"tags": [
					"l"
				],
				"defaultCode": 108,
				"grid": 0
			},
			"attrs": [
				{}
			],
			"properties": {
				"id": 3,
				"order": 25,
				"prevSize": 32,
				"code": 108,
				"name": "l"
			},
			"setIdx": 0,
			"setId": 4,
			"iconIdx": 3
		},
		{
			"icon": {
				"paths": [
					"M512 193v-65h128v-64q0-27-18.5-45.5t-45.5-18.5h-192q-27 0-45.5 18.5t-18.5 45.5v64h128v65q-81 6-151 41t-121.5 90.5-81.5 128.5-30 155q0 86 32.5 162t89 132.5 132.5 89 162 32.5 162-32.5 132.5-89 89-132.5 32.5-162q0-82-30-155t-81.5-128.5-121.5-90.5-151-41v0zM706 834q-45 46-103.5 70t-122.5 24-122.5-24-103.5-70q-46-45-70-103.5t-24-122.5 24-122.5 70-103.5q43-44 99-68t117-26l-22 314q-1 20 8 29t24 9 24-9 8-29l-22-314q61 2 117 26t99 68q46 45 70 103.5t24 122.5-24 122.5-70 103.5v0z"
				],
				"attrs": [
					{}
				],
				"isMulticolor": false,
				"tags": [
					"m"
				],
				"defaultCode": 115,
				"grid": 0
			},
			"attrs": [
				{}
			],
			"properties": {
				"id": 4,
				"order": 26,
				"prevSize": 32,
				"code": 115,
				"name": "m"
			},
			"setIdx": 0,
			"setId": 4,
			"iconIdx": 4
		},
		{
			"icon": {
				"paths": [
					"M320 384h128v128h-128v-128zM512 384h128v128h-128v-128zM704 384h128v128h-128v-128zM128 768h128v128h-128v-128zM320 768h128v128h-128v-128zM512 768h128v128h-128v-128zM320 576h128v128h-128v-128zM512 576h128v128h-128v-128zM704 576h128v128h-128v-128zM128 576h128v128h-128v-128zM832 0v64h-128v-64h-448v64h-128v-64h-128v1024h960v-1024h-128zM896 960h-832v-704h832v704z"
				],
				"attrs": [
					{}
				],
				"isMulticolor": false,
				"tags": [
					"n"
				],
				"defaultCode": 99,
				"grid": 0
			},
			"attrs": [
				{}
			],
			"properties": {
				"id": 5,
				"order": 27,
				"prevSize": 32,
				"code": 99,
				"name": "n"
			},
			"setIdx": 0,
			"setId": 4,
			"iconIdx": 5
		},
		{
			"icon": {
				"paths": [
					"M0 832h1024v128h-1024v-128zM128 576h128v192h-128v-192zM320 320h128v448h-128v-448zM512 512h128v256h-128v-256zM704 128h128v640h-128v-640z"
				],
				"attrs": [
					{}
				],
				"isMulticolor": false,
				"tags": [
					"o"
				],
				"defaultCode": 115,
				"grid": 0
			},
			"attrs": [
				{}
			],
			"properties": {
				"id": 6,
				"order": 31,
				"prevSize": 32,
				"code": 116,
				"name": "o"
			},
			"setIdx": 0,
			"setId": 4,
			"iconIdx": 6
		},
		{
			"icon": {
				"paths": [
					"M512 64q106 0 199.5 40t163 109.5 109.5 163 40 199.5q0 72-19 139t-54 124.5-83.5 104.5-107.5 80h-496q-59-33-107.5-80t-83.5-104.5-54-124.5-19-139q0-106 40-199.5t109.5-163 163-109.5 199.5-40v0zM802 866q29-29 51.5-62.5t37.5-70.5 23-76.5 8-80.5h-90v-64h85q-5-34-16-66t-27-62h-106v-64h64q-7-9-14.5-17.5t-15.5-16.5q-35-35-76-60t-86-40v70h-64v-85q-16-2-32-3.5t-32-1.5-32 1.5-32 3.5v85h-64v-70q-45 15-86 40t-76 60q-8 8-15.5 16.5t-14.5 17.5h64v64h-106q-16 30-27 62t-16 66h85v64h-90q0 41 8 80.5t23 76.5 37.5 70.5 51.5 62.5q8 8 16.5 15.5t17.5 14.5h192l37-512h54l37 512h192q9-7 17.5-14.5t16.5-15.5v0z"
				],
				"attrs": [
					{}
				],
				"isMulticolor": false,
				"tags": [
					"p"
				],
				"defaultCode": 103,
				"grid": 0
			},
			"attrs": [
				{}
			],
			"properties": {
				"id": 7,
				"order": 33,
				"prevSize": 32,
				"code": 103,
				"name": "p"
			},
			"setIdx": 0,
			"setId": 4,
			"iconIdx": 7
		},
		{
			"icon": {
				"paths": [
					"M704 1024h320l-256-1024h-192l32 256h-192l32-256h-192l-256 1024h320l32-256h320l32 256zM368 640l32-256h224l32 256h-288z"
				],
				"attrs": [
					{}
				],
				"isMulticolor": false,
				"tags": [
					"q"
				],
				"defaultCode": 97,
				"grid": 0
			},
			"attrs": [
				{}
			],
			"properties": {
				"id": 8,
				"order": 34,
				"prevSize": 32,
				"code": 97,
				"name": "q"
			},
			"setIdx": 0,
			"setId": 4,
			"iconIdx": 8
		},
		{
			"icon": {
				"paths": [
					"M512 0q-106 0-199.5 40t-163 109.5-109.5 163-40 199.5 40 199.5 109.5 163 163 109.5 199.5 40 199.5-40 163-109.5 109.5-163 40-199.5-40-199.5-109.5-163-163-109.5-199.5-40v0zM512 960q-47 0-91.5-9.5t-85.5-26.5l233-263q4-4 6-9.5t2-11.5v-96q0-13-9.5-22.5t-22.5-9.5q-42 0-84-18.5t-75-40.5-53.5-40.5-20.5-19.5q-5-4-11-6.5t-12-2.5h-128q-13 0-22.5 9.5t-9.5 22.5v192q0 9 5 17t13 12l110 55v188q-44-31-79-70.5t-60.5-87-39-100.5-13.5-110q0-52 11-100t32-92h117q6 0 12-2.5t11-6.5l128-128q4-5 6.5-11t2.5-12v-77q30-9 62.5-14t65.5-5q53 0 102.5 11.5t93.5 33.5q-3 3-6 5.5t-6 5.5q-27 27-41.5 62.5t-14.5 73.5 14.5 73.5 41.5 62.5q28 27 63 41.5t73 14.5h9q6 19 11.5 53.5t7.5 82-3.5 107-23.5 129.5q0 1-0.5 2.5t-0.5 2.5q-30 32-66.5 56.5t-77 42-85 27-91.5 9.5v0z"
				],
				"attrs": [
					{}
				],
				"isMulticolor": false,
				"tags": [
					"r"
				],
				"defaultCode": 101,
				"grid": 0
			},
			"attrs": [
				{}
			],
			"properties": {
				"id": 9,
				"order": 35,
				"prevSize": 32,
				"code": 104,
				"name": "r"
			},
			"setIdx": 0,
			"setId": 4,
			"iconIdx": 9
		},
		{
			"icon": {
				"paths": [
					"M0 0h128v1024h-128v-1024zM832 643q62 0 113-13.5t79-35.5v-512q-28 22-79 35.5t-113 13.5-113-13.5-79-35.5v512q28 22 79 35.5t113 13.5v0zM608 33q-35-15-85-24t-107-9q-72 0-131.5 13.5t-92.5 36.5v512q33-23 92.5-36.5t131.5-13.5q57 0 107 9t85 24v-512z"
				],
				"attrs": [
					{}
				],
				"isMulticolor": false,
				"tags": [
					"s"
				],
				"defaultCode": 102,
				"grid": 0
			},
			"attrs": [
				{}
			],
			"properties": {
				"id": 10,
				"order": 36,
				"prevSize": 32,
				"code": 105,
				"name": "s"
			},
			"setIdx": 0,
			"setId": 4,
			"iconIdx": 10
		},
		{
			"icon": {
				"paths": [
					"M256 96q0 40-28 68t-68 28-68-28-28-68 28-68 68-28 68 28 28 68v0zM832 96q0 40-28 68t-68 28-68-28-28-68 28-68 68-28 68 28 28 68v0zM256 256h-192q-27 0-45.5 18.5t-18.5 45.5v320h64v384h80v-384h32v384h80v-384h64v-320q0-27-18.5-45.5t-45.5-18.5v0zM975 512l49-35-133-207q-5-6-12-10t-15-4h-256q-8 0-15 4t-12 10l-133 206 49 36 111-144 38 90-134 246h123l21 320h64v-320h32v320h64l21-320h123l-134-246 38-90 111 144z"
				],
				"attrs": [
					{}
				],
				"isMulticolor": false,
				"tags": [
					"t"
				],
				"defaultCode": 109,
				"grid": 0
			},
			"attrs": [
				{}
			],
			"properties": {
				"id": 11,
				"order": 37,
				"prevSize": 32,
				"code": 109,
				"name": "t"
			},
			"setIdx": 0,
			"setId": 4,
			"iconIdx": 11
		},
		{
			"icon": {
				"paths": [
					"M1015 823v0 0l-311-311 311-311q2-2 4-5t3-6q3-9 1.5-18t-8.5-16l-147-147q-7-7-16-8.5t-18 1.5q-3 1-6 3t-5 4v0 0l-311 311-311-311q-2-2-5-4t-6-3q-9-3-18-1.5t-16 8.5l-147 147q-7 7-8.5 16t1.5 18q1 3 3 6t4 5v0 0l311 311-311 311q-2 2-4 5t-3 6q-3 9-1.5 18t8.5 16l147 147q7 7 16 8.5t18-1.5q3-1 6-3t5-4v0 0l311-311 311 311q2 2 5 4t6 3q9 3 18 1.5t16-8.5l147-147q7-7 8.5-16t-1.5-18q-1-3-3-6t-4-5v0z"
				],
				"attrs": [
					{}
				],
				"isMulticolor": false,
				"tags": [
					"x"
				],
				"defaultCode": 99,
				"grid": 0
			},
			"attrs": [
				{}
			],
			"properties": {
				"id": 12,
				"order": 38,
				"prevSize": 32,
				"code": 100,
				"name": "x"
			},
			"setIdx": 0,
			"setId": 4,
			"iconIdx": 12
		},
		{
			"icon": {
				"paths": [
					"M731 558v-73q0-15-10-26-11-11-26-11h-183v-183q0-15-11-26-11-10-26-10h-73q-15 0-25 10-11 11-11 26v183h-183q-15 0-26 11t-11 26v73q0 15 11 25 11 11 26 11h183v183q0 15 11 26 10 11 25 11h73q15 0 26-11t11-26v-183h183q15 0 26-11 10-10 10-25v0zM878 247v548q0 68-49 117-48 48-116 48h-548q-68 0-117-48-48-49-48-117v-548q0-68 48-116 49-49 117-49h548q68 0 116 49 49 48 49 116v0z"
				],
				"attrs": [
					{}
				],
				"isMulticolor": false,
				"tags": [
					"asterisk"
				],
				"defaultCode": 42,
				"grid": 0
			},
			"attrs": [
				{}
			],
			"properties": {
				"id": 17,
				"order": 28,
				"prevSize": 32,
				"code": 42,
				"name": "asterisk"
			},
			"setIdx": 0,
			"setId": 4,
			"iconIdx": 17
		},
		{
			"icon": {
				"paths": [
					"M512 96q-86 0-162 32.5t-132.5 89-89 132.5-32.5 162 32.5 162 89 132.5 132.5 89 162 32.5 162-32.5 132.5-89 89-132.5 32.5-162-32.5-162-89-132.5-132.5-89-162-32.5v0zM512 832q-66 0-124.5-25t-102-68.5-68.5-102-25-124.5 25-124.5 68.5-102 102-68.5 124.5-25 124.5 25 102 68.5 68.5 102 25 124.5-25 124.5-68.5 102-102 68.5-124.5 25v0zM632 480h-256q-14 0-23 9.5t-9 22.5 9 22.5 23 9.5h256q13 0 22.5-9.5t9.5-22.5-9.5-22.5-22.5-9.5v0z"
				],
				"attrs": [
					{}
				],
				"isMulticolor": false,
				"tags": [
					"hyphen"
				],
				"defaultCode": 45,
				"grid": 0
			},
			"attrs": [
				{}
			],
			"properties": {
				"id": 18,
				"order": 29,
				"prevSize": 32,
				"code": 45,
				"name": "hyphen"
			},
			"setIdx": 0,
			"setId": 4,
			"iconIdx": 18
		},
		{
			"icon": {
				"paths": [
					"M658 466v37q0 8-5 13t-13 5h-475q-8 0-14-5-5-5-5-13v-37q0-8 5-13 6-5 14-5h475q8 0 13 5t5 13v0zM731 722v-475q0-38-26-65-27-27-65-27h-475q-38 0-65 27t-27 65v475q0 38 27 65t65 27h475q38 0 65-27 26-27 26-65v0zM805 247v475q0 68-49 117-48 48-116 48h-475q-68 0-117-48-48-49-48-117v-475q0-68 48-116 49-49 117-49h475q68 0 116 49 49 48 49 116v0z"
				],
				"attrs": [
					{}
				],
				"isMulticolor": false,
				"width": 805,
				"tags": [
					"one"
				],
				"defaultCode": 49,
				"grid": 0
			},
			"attrs": [
				{}
			],
			"properties": {
				"id": 19,
				"order": 30,
				"prevSize": 32,
				"code": 49,
				"name": "one"
			},
			"setIdx": 0,
			"setId": 4,
			"iconIdx": 19
		},
		{
			"icon": {
				"paths": [
					"M658 466v37q0 8-5 13t-13 5h-201v201q0 8-5 13-5 6-13 6h-37q-8 0-13-6-5-5-5-13v-201h-201q-8 0-14-5-5-5-5-13v-37q0-8 5-13 6-5 14-5h201v-201q0-8 5-13t13-5h37q8 0 13 5t5 13v201h201q8 0 13 5t5 13v0zM731 722v-475q0-38-26-65-27-27-65-27h-475q-38 0-65 27t-27 65v475q0 38 27 65t65 27h475q38 0 65-27 26-27 26-65v0zM805 247v475q0 68-49 117-48 48-116 48h-475q-68 0-117-48-48-49-48-117v-475q0-68 48-116 49-49 117-49h475q68 0 116 49 49 48 49 116v0z"
				],
				"attrs": [
					{}
				],
				"isMulticolor": false,
				"width": 805,
				"tags": [
					"two"
				],
				"defaultCode": 50,
				"grid": 0
			},
			"attrs": [
				{}
			],
			"properties": {
				"id": 20,
				"order": 32,
				"prevSize": 32,
				"code": 50,
				"name": "two"
			},
			"setIdx": 0,
			"setId": 4,
			"iconIdx": 20
		},
		{
			"icon": {
				"paths": [
					"M677 521q0 15-11 26l-311 311q-11 11-26 11t-26-11q-10-11-10-26v-165h-256q-15 0-26-10-11-11-11-26v-220q0-14 11-25t26-11h256v-165q0-15 10-25 11-11 26-11t26 11l311 310q11 11 11 26v0zM878 320v402q0 68-49 117-48 48-116 48h-183q-7 0-13-6-5-5-5-12 0-3-1-12v-15t2-13q1-8 6-12 4-3 11-3h183q38 0 65-27t27-65v-402q0-38-27-65-27-26-65-26h-178l-7-1q-6-1-6-2t-5-3q-4-2-4-5 1-3-1-8 0-2-1-11v-15t2-14q1-7 6-11 4-4 11-4h183q68 0 116 49 49 48 49 116v0z"
				],
				"attrs": [
					{}
				],
				"isMulticolor": false,
				"tags": [
					"greater"
				],
				"defaultCode": 62,
				"grid": 0
			},
			"attrs": [
				{}
			],
			"properties": {
				"id": 23,
				"order": 41,
				"prevSize": 32,
				"code": 62,
				"name": "greater"
			},
			"setIdx": 0,
			"setId": 4,
			"iconIdx": 23
		},
		{
			"icon": {
				"paths": [
					"M742 765q0 22-16 38l-78 78q-16 16-39 16t-39-16l-168-168-168 168q-16 16-39 16-22 0-38-16l-78-78q-16-16-16-38 0-23 16-39l168-168-168-168q-16-16-16-39t16-39l78-78q16-16 38-16 23 0 39 16l168 168 168-168q16-16 39-16t39 16l78 78q16 16 16 39t-16 39l-168 168 168 168q16 16 16 39v0z"
				],
				"attrs": [
					{}
				],
				"isMulticolor": false,
				"width": 805,
				"tags": [
					"X"
				],
				"defaultCode": 88,
				"grid": 0
			},
			"attrs": [
				{}
			],
			"properties": {
				"id": 24,
				"order": 40,
				"prevSize": 32,
				"code": 88,
				"name": "X"
			},
			"setIdx": 0,
			"setId": 4,
			"iconIdx": 24
		},
		{
			"icon": {
				"paths": [
					"M695 558v-73q0-15-11-26t-26-11h-146v-146q0-15-11-26t-26-11h-73q-15 0-25 11-11 11-11 26v146h-147q-14 0-25 11t-11 26v73q0 15 11 25 11 11 25 11h147v147q0 14 11 25 10 11 25 11h73q15 0 26-11t11-25v-147h146q15 0 26-11 11-10 11-25v0zM878 521q0 120-59 220-59 101-160 160t-220 59q-120 0-220-59-101-59-160-160-59-100-59-220 0-119 59-220t160-160q100-59 220-59 119 0 220 59t160 160 59 220v0z"
				],
				"attrs": [
					{}
				],
				"isMulticolor": false,
				"tags": [
					"bracketleft"
				],
				"defaultCode": 91,
				"grid": 0
			},
			"attrs": [
				{}
			],
			"properties": {
				"id": 25,
				"order": 39,
				"prevSize": 32,
				"code": 91,
				"name": "bracketleft"
			},
			"setIdx": 0,
			"setId": 4,
			"iconIdx": 25
		},
		{
			"icon": {
				"paths": [
					"M496 112q-86 0-162 32.5t-132.5 89-89 132.5-32.5 162 32.5 162 89 132.5 132.5 89 162 32.5 162-32.5 132.5-89 89-132.5 32.5-162-32.5-162-89-132.5-132.5-89-162-32.5v0zM704 540q0 13-9.5 22.5t-22.5 9.5h-352q-13 0-22.5-9.5t-9.5-22.5v-32q0-13 9.5-22.5t22.5-9.5h352q13 0 22.5 9.5t9.5 22.5v32z"
				],
				"attrs": [
					{}
				],
				"isMulticolor": false,
				"tags": [
					"underscore"
				],
				"defaultCode": 95,
				"grid": 0
			},
			"attrs": [
				{}
			],
			"properties": {
				"id": 26,
				"order": 21,
				"prevSize": 32,
				"code": 95,
				"name": "underscore"
			},
			"setIdx": 0,
			"setId": 4,
			"iconIdx": 26
		},
		{
			"icon": {
				"paths": [
					"M475 571v-109q-103 9-219 67v105q117-55 219-63v0zM475 333v-113q-98 5-219 72v108q123-63 219-67v0zM951 597v-105q-134 66-220 41v-128q-11-4-22-9-3-2-19-10t-19-9l-18-9q-15-7-20-9-6-2-19-7-13-6-20-7l-20-5q-13-3-23-5-10-1-22-2-13-1-26-1t-28 2v127h11q59 0 110 16 52 17 113 47 11 5 22 9v107q24 10 52 10 69 0 168-53v0zM951 353v-108q-97 52-175 52-26 0-45-4v112q85 24 220-52v0zM183 146q0 20-10 37-10 16-27 26v724q0 8-5 13t-13 5h-37q-8 0-13-5t-5-13v-724q-16-10-26-26-10-17-10-37 0-30 21-51 21-22 52-22 30 0 51 22 22 21 22 51v0zM1024 183v436q0 22-20 32-6 3-10 6-124 66-211 66-50 0-90-20l-16-8q-36-19-56-28-20-8-52-16t-66-8q-58 0-134 25t-131 58q-8 5-19 5-9 0-18-4-18-11-18-32v-424q0-20 18-32 20-12 44-24 25-12 66-30 40-17 87-28t88-11q64 0 120 18 55 18 119 49 22 11 51 11 70 0 177-64 13-7 18-10 18-9 35 1 18 12 18 32v0z"
				],
				"attrs": [
					{}
				],
				"isMulticolor": false,
				"tags": [
					"h"
				],
				"defaultCode": 104,
				"grid": 0
			},
			"attrs": [
				{}
			],
			"properties": {
				"id": 33,
				"order": 45,
				"prevSize": 32,
				"code": 106,
				"name": "h"
			},
			"setIdx": 0,
			"setId": 4,
			"iconIdx": 33
		},
		{
			"icon": {
				"paths": [
					"M731 549v-74q0-14-10-25-11-11-26-11h-512q-15 0-26 11t-11 25v74q0 14 11 25t26 11h512q15 0 26-11 10-11 10-25v0zM878 238v548q0 68-49 117-48 48-116 48h-548q-68 0-117-48-48-49-48-117v-548q0-68 48-117 49-48 117-48h548q68 0 116 48 49 49 49 117v0z"
				],
				"attrs": [
					{}
				],
				"isMulticolor": false,
				"tags": [
					"i"
				],
				"defaultCode": 105,
				"grid": 0
			},
			"attrs": [
				{}
			],
			"properties": {
				"id": 34,
				"order": 43,
				"prevSize": 32,
				"code": 107,
				"name": "i"
			},
			"setIdx": 0,
			"setId": 4,
			"iconIdx": 34
		},
		{
			"icon": {
				"paths": [
					"M658 457v37q0 8-5 13t-13 5h-475q-8 0-14-5-5-5-5-13v-37q0-8 5-13 6-5 14-5h475q8 0 13 5t5 13v0zM731 713v-475q0-38-26-65-27-27-65-27h-475q-38 0-65 27t-27 65v475q0 38 27 65t65 27h475q38 0 65-27 26-27 26-65v0zM805 238v475q0 68-49 116-48 49-116 49h-475q-68 0-117-49-48-48-48-116v-475q0-68 48-117 49-48 117-48h475q68 0 116 48 49 49 49 117v0z"
				],
				"attrs": [
					{}
				],
				"isMulticolor": false,
				"width": 805,
				"tags": [
					"j"
				],
				"defaultCode": 106,
				"grid": 0
			},
			"attrs": [
				{}
			],
			"properties": {
				"id": 35,
				"order": 42,
				"prevSize": 32,
				"code": 110,
				"name": "j"
			},
			"setIdx": 0,
			"setId": 4,
			"iconIdx": 35
		},
		{
			"icon": {
				"paths": [
					"M752.821 647.919h-22.207v132.717c5.506-2.244 11.215-3.808 16.99-5.066v-78.751c30.737-7.784 55.441-30.549 65.89-60.133-11.995-5.231-23.090-12.113-32.996-20.405-2.514 15.021-10.025 31.638-27.678 31.638zM696.631 695.68v74.318c6.048 3.738 11.741 8.070 16.99 12.948v-152.019h-12.624c-1.649 0-2.973-0.254-4.367-0.458-7.034-1-11.214-4.145-13.422-6.967-4.502-5.76-4.026-12.607-3.568-15.462v-28.086c0-4.689 3.806-8.495 8.495-8.495s8.495 3.808 8.495 8.495l-0.256 31.365c-0.119 0.663-0.034 2.617 0.238 2.617h0.020c0.203 0 1.411 0 4.383 0h12.607v-33.982c0-1.173 0.238-2.294 0.663-3.314 1.292-3.042 4.298-5.183 7.832-5.183 4.689 0 8.495 3.808 8.495 8.495v50.974h22.207c9.654 0 11.777-21.374 11.777-26.676v-3.754c-6.816-7.918-12.726-16.601-17.585-25.928-1.732-3.33-3.399-6.709-4.86-10.194-6.777-16.159-10.535-33.879-10.535-52.45 0-0.357 0.052-0.714 0.052-1.070-2.429-0.187-4.86-0.373-7.322-0.373-52.282 0-94.673 42.39-94.673 94.671-0.018 42.648 28.188 78.685 66.96 90.528zM276.769 814.175c19.778-23.653 49.273-36.836 81.114-36.836 18.062 0 35.036 4.757 49.902 13.049v-652.199h-186.9v638.335c22.122 6.302 41.711 19.641 55.883 37.651zM271.857 681.901h16.99v33.982h-16.99v-33.982zM271.857 630.927h16.99v33.982h-16.99v-33.982zM271.857 579.955h16.99v33.982h-16.99v-33.982zM271.857 528.981h16.99v33.982h-16.99v-33.982zM271.857 478.009h16.99v33.982h-16.99v-33.982zM271.857 427.035h16.99v33.982h-16.99v-33.982zM271.857 376.063h16.99v33.982h-16.99v-33.982zM271.857 325.091h16.99v33.982h-16.99v-33.982zM271.857 274.117h16.99v33.982h-16.99v-33.982zM356.811 308.099h-16.99v-33.982h16.99v33.982zM356.811 359.071h-16.99v-33.982h16.99v33.982zM356.811 410.045h-16.99v-33.982h16.99v33.982zM356.811 461.019h-16.99v-33.982h16.99v33.982zM356.811 511.991h-16.99v-33.982h16.99v33.982zM356.811 562.963h-16.99v-33.982h16.99v33.982zM356.811 613.937h-16.99v-33.982h16.99v33.982zM356.811 664.909h-16.99v-33.982h16.99v33.982zM356.811 715.883h-16.99v-33.982h16.99v33.982zM305.839 681.901h16.99v33.982h-16.99v-33.982zM305.839 630.927h16.99v33.982h-16.99v-33.982zM305.839 579.955h16.99v33.982h-16.99v-33.982zM305.839 528.981h16.99v33.982h-16.99v-33.982zM305.839 478.009h16.99v33.982h-16.99v-33.982zM305.839 427.035h16.99v33.982h-16.99v-33.982zM305.839 376.063h16.99v33.982h-16.99v-33.982zM305.839 325.091h16.99v33.982h-16.99v-33.982zM322.829 308.099h-16.99v-33.982h16.99v33.982zM356.811 206.154v50.974h-16.99v-50.974h16.99zM322.829 206.154v50.974h-16.99v-50.974h16.99zM271.857 206.154h16.99v50.974h-16.99v-50.974zM92.024 861.105c0-26.61 10.654-47.338 26.914-62.084 5.147-4.673 10.856-8.733 16.99-12.166 1.885-1.055 3.788-2.056 5.743-3.008h-5.743v-33.982h33.982v24.79c7.527-1.427 15.19-2.226 22.854-2.226 3.754 0 7.459 0.27 11.128 0.681v-261.118h-203.892v373.801h94.096l-0.171-1.206c-1.306-7.154-1.901-17.5-1.901-23.481zM33.984 698.891h33.982v33.982h-33.982v-33.982zM33.984 647.919h33.982v33.982h-33.982v-33.982zM33.984 596.945h33.982v33.982h-33.982v-33.982zM118.938 630.927h-33.982v-33.982h33.982v33.982zM118.938 681.901h-33.982v-33.982h33.982v33.982zM84.958 698.891h33.982v33.982h-33.982v-33.982zM169.912 732.873h-33.982v-33.982h33.982v33.982zM169.912 681.901h-33.982v-33.982h33.982v33.982zM169.912 630.927h-33.982v-33.982h33.982v33.982zM169.912 579.955h-33.982v-33.982h33.982v33.982zM118.938 579.955h-33.982v-33.982h33.982v33.982zM33.984 545.973h33.982v33.982h-33.982v-33.982zM33.984 749.865h33.982v33.982h-33.982v-33.982zM84.958 749.865h33.982v33.982h-33.982v-33.982zM463.277 880.832l0.171 4.961h72.415l-0.171-1.206c-1.308-7.154-1.903-17.502-1.903-23.483 0-42.511 24.943-79.209 60.894-96.525v-354.533h-169.91v392.135c22.449 19.048 37.196 47.269 38.504 78.652zM560.703 664.909h-16.99v-16.99h16.99v16.99zM492.739 647.919h33.982v16.99h-33.982v-16.99zM492.739 596.945h33.982v33.982h-33.982v-33.982zM492.739 545.973h33.982v33.982h-33.982v-33.982zM492.739 494.999h33.982v33.982h-33.982v-33.982zM560.703 528.981h-16.99v-33.982h16.99v33.982zM560.703 579.955h-16.99v-33.982h16.99v33.982zM560.703 630.927h-16.99v-33.982h16.99v33.982zM560.703 478.009h-16.99v-33.982h16.99v33.982zM526.721 478.009h-33.982v-33.982h33.982v33.982zM458.757 444.027h16.99v33.982h-16.99v-33.982zM458.757 494.999h16.99v33.982h-16.99v-33.982zM458.757 545.973h16.99v33.982h-16.99v-33.982zM458.757 596.945h16.99v33.982h-16.99v-33.982zM458.757 647.919h16.99v16.99h-16.99v-16.99zM458.757 681.901h101.942v16.99h-101.946v-16.99h0.004zM458.757 715.883h101.946v16.99h-101.946v-16.99zM458.757 749.865h101.946v16.99h-101.946v-16.99zM764.595 571.375c4.758 8.241 10.469 15.853 16.99 22.683 10.263 10.757 22.496 19.54 36.139 25.862 9.94 4.604 20.627 7.85 31.825 9.566v179.101c1.667 1.835 3.364 3.619 4.911 5.572 3.671-4.401 7.783-8.308 12.081-11.96v-256.221h-23.362c-20.252 0-27.61-17.603-27.61-29.428v-38.536c0-4.689 3.806-8.495 8.495-8.495s8.493 3.806 8.493 8.495v38.536c0.052 2.871 0.952 12.438 10.622 12.438h23.362v-50.974c0-1.173 0.24-2.294 0.663-3.314 1.294-3.042 4.3-5.183 7.832-5.183 4.691 0 8.495 3.806 8.495 8.495v101.946h19.996c3.772 0 6.525-1.070 8.632-3.364 5.437-5.931 5.727-18.401 5.384-22.312l-0.034-42.29c0-4.689 3.806-8.495 8.495-8.495s8.495 3.808 8.495 8.495v41.56c0.171 1.581 1.544 22.139-9.838 34.543-5.336 5.794-12.642 8.852-21.137 8.852h-19.998v193.561c5.419-2.973 11.079-5.538 16.99-7.511v-156.674c49.785-14.272 86.265-60.027 86.265-114.4 0-65.771-53.317-119.091-119.091-119.091s-119.089 53.317-119.089 119.091c0 0.629 0.085 1.224 0.085 1.851 0.329 20.965 6.087 40.59 15.908 57.598zM424.775 885.793h21.528c-0.865-22.241-8.989-41.798-21.528-57.090-5.028-6.134-10.602-11.69-16.99-16.226-14.204-10.094-31.315-16.039-49.902-16.039-36.581 0-67.964 17.909-81.557 49.511-9.888-24.519-30.194-43.65-55.441-51.976-5.437-1.803-11.146-2.973-16.99-3.705-3.653-0.46-7.34-0.851-11.128-0.851-19.439 0-40.626 6.711-56.836 19.76-3.244 2.617-6.253 5.522-9.039 8.648-10.823 12.113-17.875 27.967-17.875 47.523 0 5.538 0.681 3.447 1.631 20.441l314.126 0.004zM935.576 796.453c-12.488 0-24.28 2.244-35.053 6.235-6.047 2.244-11.724 5.098-16.99 8.513-6.338 4.129-12.081 9.005-16.99 14.749-5.030 5.88-9.311 12.523-12.525 19.998-1.274-3.145-2.87-6.118-4.469-9.073-15.242-28.188-44.805-47.456-79.092-47.456-7.969 0-15.547 1.377-22.854 3.381-5.929 1.613-11.605 3.738-16.99 6.491-5.643 2.87-11.079 6.1-16.007 10.025-0.306-0.425-0.681-0.816-0.986-1.24-4.842-6.61-10.585-12.486-16.99-17.569-15.325-12.166-34.579-19.574-55.663-19.574-16.94 0-32.743 5.251-46.283 14.033-26.269 17.026-43.907 47.541-43.907 80.402 0 5.538 0.682 3.449 1.631 20.441h471.586c-1.967-50.992-40.638-89.357-88.417-89.357z"
				],
				"attrs": [
					{}
				],
				"isMulticolor": false,
				"tags": [
					"buildings8"
				],
				"defaultCode": 57344,
				"grid": 0
			},
			"attrs": [
				{}
			],
			"properties": {
				"id": 0,
				"order": 19,
				"prevSize": 32,
				"code": 67,
				"name": "buildings8"
			},
			"setIdx": 1,
			"setId": 3,
			"iconIdx": 0
		},
		{
			"icon": {
				"paths": [
					"M849.138 110.918h-30.848v-33.658c0-42.62-33.629-77.261-75.013-77.261-41.412 0-75.013 34.641-75.013 77.261v33.629h-76.98v-33.629c0-42.62-33.629-77.261-75.013-77.261s-75.013 34.641-75.013 77.261v33.629h-76.98v-33.629c0-42.62-33.629-77.261-75.013-77.261s-75.013 34.641-75.013 77.261v33.629h-39.389c-65.826 0-119.403 53.577-119.403 119.403v56.19h913.082v-56.19c0-65.798-53.549-119.375-119.403-119.375zM322.135 214.813c0 19.357-14.75 35.119-32.871 35.119s-32.871-15.761-32.871-35.119v-137.552c0-19.357 14.75-35.119 32.871-35.119s32.871 15.761 32.871 35.119v137.552zM549.141 214.813c0 19.357-14.75 35.119-32.871 35.119s-32.871-15.761-32.871-35.119v-137.552c0-19.357 14.75-35.119 32.871-35.119s32.871 15.761 32.871 35.119v137.552zM776.147 214.813c0 19.357-14.75 35.119-32.871 35.119-18.149 0-32.871-15.761-32.871-35.119v-137.552c0-19.357 14.722-35.119 32.871-35.119 18.121 0 32.871 15.761 32.871 35.119v137.552zM55.459 904.597c0 65.826 53.577 119.403 119.403 119.403h674.276c65.854 0 119.403-53.577 119.403-119.403v-564.678h-913.082v564.678zM849.138 908.755h-672.084v-52.678h672.084v52.678zM849.138 775.305h-672.084v-52.678h672.084v52.678zM556.277 589.176h292.86v52.678h-292.86v-52.678zM174.862 421.844h323.231v220.011h-323.231v-220.011z"
				],
				"attrs": [
					{}
				],
				"isMulticolor": false,
				"tags": [
					"calendar121"
				],
				"defaultCode": 57345,
				"grid": 0
			},
			"attrs": [
				{}
			],
			"properties": {
				"id": 1,
				"order": 17,
				"prevSize": 32,
				"code": 68,
				"name": "calendar121"
			},
			"setIdx": 1,
			"setId": 3,
			"iconIdx": 1
		},
		{
			"icon": {
				"paths": [
					"M200.124 172.744c-4.271-16.862-21.408-27.063-38.27-22.797-16.869 4.276-27.072 21.411-22.799 38.277l205.799 812.005c3.616 14.27 16.439 23.77 30.513 23.77 2.565 0 5.168-0.316 7.766-0.974 16.86-4.271 27.068-21.411 22.794-38.273l-205.804-812.009zM885.146 401.451c-33.539-123.843-67.111-247.676-100.657-371.519-3.636-13.405-10.010-27.785-33.972-29.223-188.616-13.66-312.466 174.176-501.084 160.513-14.884-1.834-24.451 5.916-20.817 19.322 33.549 123.84 66.838 247.756 100.655 371.521 5.427 19.863 19.087 27.386 33.976 29.223 188.614 13.662 312.468-174.173 501.089-160.511 14.882 1.83 24.444-5.919 20.81-19.326zM737.13 47.461c9.252 34.167 18.518 68.333 27.771 102.5-39.677 1.306-74.695 9.312-111.803 23.217-9.25-34.167-18.516-68.335-27.766-102.5 37.103-13.901 72.121-21.914 111.798-23.217zM348.456 430.528c-10.529-38.819-21.040-77.647-31.557-116.467 41.706-1.208 78.714-10.247 117.423-25.548-9.262-34.167-18.518-68.335-27.771-102.502 37.84-16.914 73.532-37.164 109.277-58.079 9.252 34.165 18.518 68.333 27.773 102.5-35.747 20.912-71.441 41.169-109.279 58.081 10.52 38.821 21.035 77.647 31.553 116.467-38.712 15.299-75.715 24.337-117.419 25.548zM494.055 508.983c-9.396-34.666-18.787-69.336-28.18-104.007 37.576-16.787 73.016-36.866 108.505-57.633 9.393 34.67 18.787 69.338 28.178 104.009-35.485 20.769-70.929 40.844-108.503 57.631zM575.147 346.897c-10.511-38.823-21.031-77.647-31.546-116.47 35.74-20.867 71.459-40.835 109.497-57.246 10.522 38.821 21.040 77.644 31.555 116.465-38.031 16.416-73.762 36.382-109.507 57.251zM713.489 393.389c-9.396-34.666-18.787-69.336-28.183-104.007 36.889-13.756 71.728-21.666 111.145-22.951 9.396 34.67 18.789 69.338 28.185 104.004-39.419 1.288-74.263 9.196-111.147 22.954z"
				],
				"attrs": [
					{}
				],
				"isMulticolor": false,
				"tags": [
					"checkered12"
				],
				"defaultCode": 57346,
				"grid": 0
			},
			"attrs": [
				{}
			],
			"properties": {
				"id": 2,
				"order": 18,
				"prevSize": 32,
				"code": 66,
				"name": "checkered12"
			},
			"setIdx": 1,
			"setId": 3,
			"iconIdx": 2
		},
		{
			"icon": {
				"paths": [
					"M573.159 896.39c-7.699 10.884-18.973 18.79-31.828 22.342l-63.931 17.461c-5.018 1.421-10.197 2.154-15.421 2.154-11.778 0-23.166-3.598-32.768-10.357-14.092-9.807-22.937-25.275-24.335-42.025l-5.614-66.016c-1.329-13.542 2.314-27.108 10.014-38.015l2.36-3.391h-228.044c-18.4 0-33.318-15.169-33.318-33.524 0-18.423 14.917-33.593 33.318-33.593h276.027l61.686-88.106h-337.713c-18.4 0-33.318-15.169-33.318-33.57s14.917-33.57 33.318-33.57l385.214-0.985 144.453-207.124v-153.366c0-25.206-19.5-45.554-44.637-45.554h-110.585v87.51c0 41.315-33.776 73.991-75.022 73.991h-222.407c-41.338 0-73.945-32.699-73.945-73.991v-87.51h-111.777c-25.183 0-45.554 20.371-45.554 45.554v782.596c0 25.206 20.394 46.677 45.554 46.677h593.69c25.206 0 44.66-21.494 44.66-46.677v-279.831l-140.076 198.92zM183.59 400.911h376.347c18.354 0 33.295 15.146 33.295 33.547s-14.94 33.57-33.295 33.57h-376.347c-18.4 0-33.318-15.169-33.318-33.57s14.917-33.547 33.318-33.547zM261.224 266.632h222.201c16.819 0 30.499-13.657 30.499-30.522v-127.794c0-16.865-13.68-30.522-30.499-30.522h-33.478c-0.229-42.965-35.151-77.794-78.207-77.794-43.079 0-77.955 34.807-78.207 77.794h-32.309c-16.865 0-30.499 13.657-30.499 30.522v127.771c-0 16.865 13.634 30.545 30.499 30.545zM371.764 43.331c19.134 0 34.647 15.398 34.853 34.486h-69.774c0.229-19.088 15.765-34.486 34.922-34.486zM994.349 205.726c-1.031-5.683-4.262-10.655-8.982-13.955l-55.636-38.771c-3.758-2.635-8.089-3.895-12.351-3.895-6.783 0-13.542 3.208-17.69 9.235l-394.105 565.139 91.039 63.496 394.151-565.116c3.254-4.697 4.56-10.495 3.575-16.132zM443.509 815.754l5.706 66.36c0.275 3.827 2.314 7.241 5.408 9.441 2.2 1.512 4.789 2.383 7.356 2.383 1.123 0 2.269-0.16 3.368-0.481l64.275-17.598c2.91-0.802 5.431-2.589 7.172-5.041l24.129-34.601-91.108-63.519-24.129 34.601c-1.696 2.452-2.498 5.454-2.177 8.455z"
				],
				"attrs": [
					{}
				],
				"isMulticolor": false,
				"tags": [
					"clipboard105"
				],
				"defaultCode": 57347,
				"grid": 0
			},
			"attrs": [
				{}
			],
			"properties": {
				"id": 3,
				"order": 16,
				"prevSize": 32,
				"code": 73,
				"name": "clipboard105"
			},
			"setIdx": 1,
			"setId": 3,
			"iconIdx": 3
		},
		{
			"icon": {
				"paths": [
					"M747.6 631.88c-15.99 25.758-33.407 52.586-52.274 80.462 158.806 23.751 240.094 74.642 240.094 99.931 0 33.697-144.043 112.71-423.409 112.71-279.388 0-423.453-79.013-423.453-112.71 0-25.312 81.288-76.181 240.138-99.931-18.889-27.876-36.306-54.705-52.296-80.462-156.754 29.594-276.4 90.342-276.4 180.416 0 132.134 257.6 201.245 512.011 201.245s511.989-69.133 511.989-201.245c0-90.074-119.623-150.822-276.4-180.416zM512.033 803.888c23.015 0 44.669-10.95 58.273-29.549 87.086-118.865 241.142-345.846 241.142-464.465 0-165.385-134.074-299.437-299.437-299.437-165.407 0-299.437 134.052-299.437 299.437 0 118.597 154.011 345.6 241.12 464.465 13.671 18.599 35.325 29.549 58.34 29.549zM387.459 303.964c0-68.777 55.753-124.529 124.552-124.529 68.777 0 124.529 55.753 124.529 124.529s-55.753 124.529-124.529 124.529c-68.799 0.022-124.552-55.73-124.552-124.529z"
				],
				"attrs": [
					{}
				],
				"isMulticolor": false,
				"tags": [
					"location54"
				],
				"defaultCode": 57348,
				"grid": 0
			},
			"attrs": [
				{}
			],
			"properties": {
				"id": 4,
				"order": 15,
				"prevSize": 32,
				"code": 76,
				"name": "location54"
			},
			"setIdx": 1,
			"setId": 3,
			"iconIdx": 4
		},
		{
			"icon": {
				"paths": [
					"M507.825 321.051c50.798 0 92.126-41.327 92.126-92.126s-41.327-92.126-92.126-92.126c-50.784 0-92.102 41.327-92.102 92.126s41.318 92.126 92.102 92.126zM819.020 365.914c41.389 0 75.061-33.673 75.061-75.061 0-41.391-33.673-75.065-75.061-75.065-41.381 0-75.050 33.675-75.050 75.065 0 41.389 33.669 75.061 75.050 75.061zM1016.779 224.796c-5.403-6.606-13.051-10.712-21.539-11.561-1.077-0.111-2.167-0.165-3.244-0.165-16.45 0-30.092 12.364-31.736 28.762-2.688 26.823-8.634 62.23-13.603 73.117-6.257 9.005-36.777 37.882-68.957 66.606h-110.552c-23.214-20.716-45.558-41.512-58.564-54.879 19.594-20.353 23.191-27.453 25.492-32.011 15.754-31.186 23.686-103.825 25.116-118.072 2.155-21.507-13.587-40.76-35.094-42.917-1.314-0.131-2.647-0.2-3.959-0.2-20.193 0-36.946 15.169-38.968 35.286-1.659 16.468-4.312 35.56-7.312 52.204-5.625-4.929-12.978-7.893-21.014-7.893-1.075 0-2.165 0.054-3.234 0.163-8.492 0.851-16.144 4.957-21.545 11.563-5.403 6.606-7.909 14.919-7.056 23.409 0.632 6.317 2.835 26.718 6.777 48.102-14.092 13.351-30.826 28.661-47.945 43.94h-135.68c-17.124-15.282-33.857-30.598-47.955-43.948 3.943-21.378 6.148-41.774 6.782-48.088 0.853-8.492-1.655-16.809-7.056-23.415-5.403-6.606-13.051-10.712-21.539-11.561-1.077-0.111-2.167-0.165-3.244-0.165-8.037 0-15.391 2.966-21.014 7.895-2.998-16.644-5.65-35.733-7.304-52.198-2.020-20.121-18.771-35.298-38.964-35.298-1.312 0-2.645 0.067-3.957 0.2-10.421 1.043-19.81 6.083-26.44 14.19-6.632 8.109-9.707 18.311-8.66 28.732 1.425 14.239 9.336 86.848 25.104 118.070 2.304 4.562 5.908 11.664 25.5 32.013-13.004 13.363-35.348 34.16-58.56 54.879h-110.554c-32.18-28.72-62.702-57.597-68.965-66.606-4.953-10.869-10.9-46.278-13.599-73.117-1.644-16.398-15.288-28.762-31.74-28.762-1.075 0-2.165 0.054-3.234 0.163-8.492 0.851-16.142 4.957-21.545 11.563s-7.909 14.919-7.058 23.409c1.162 11.604 7.609 70.767 20.457 96.206 9.203 18.226 57.678 62.847 100.659 100.31v363.568c0 18.369 14.943 33.312 33.312 33.312s33.312-14.943 33.312-33.312v-196.674h20.566v196.674c0 18.369 14.943 33.312 33.312 33.312s33.312-14.943 33.312-33.312v-357.666c30.12-26.087 64.236-56.71 86.152-79.736 1.622 1.495 3.259 3 4.96 4.556 18.248 16.701 35.81 32.245 47.251 42.277v431.899c0 22.558 18.353 40.911 40.911 40.911s40.911-18.353 40.911-40.911v-227.024h25.128v227.024c0 22.558 18.353 40.911 40.911 40.911s40.911-18.353 40.911-40.911v-424.625c9.534-8.295 31.946-27.927 55.574-49.551 1.703-1.556 3.341-3.061 4.962-4.556 20.284 21.309 51.014 49.125 79.364 73.834v363.568c0 18.369 14.943 33.312 33.312 33.312s33.312-14.943 33.312-33.312v-196.674h20.566v196.674c0 18.369 14.943 33.312 33.312 33.312s33.312-14.943 33.312-33.312v-357.666c44.508-38.548 97.748-87.011 107.439-106.206 12.837-25.419 19.295-84.6 20.46-96.204 0.849-8.493-1.659-16.811-7.060-23.417zM198.173 365.914c41.389 0 75.061-33.673 75.061-75.061 0-41.391-33.673-75.065-75.061-75.065-41.381 0-75.046 33.675-75.046 75.065 0 41.389 33.665 75.061 75.046 75.061z"
				],
				"attrs": [
					{}
				],
				"isMulticolor": false,
				"tags": [
					"winners4"
				],
				"defaultCode": 57349,
				"grid": 0
			},
			"attrs": [
				{}
			],
			"properties": {
				"id": 5,
				"order": 14,
				"prevSize": 32,
				"code": 87,
				"name": "winners4"
			},
			"setIdx": 1,
			"setId": 3,
			"iconIdx": 5
		}
	],
	"height": 1024,
	"metadata": {
		"name": "icomoon"
	},
	"preferences": {
		"showGlyphs": true,
		"showQuickUse": true,
		"showQuickUse2": true,
		"showSVGs": true,
		"fontPref": {
			"prefix": "icon-",
			"metadata": {
				"fontFamily": "icomoon"
			},
			"metrics": {
				"emSize": 1024,
				"baseline": 6.25,
				"whitespace": 50
			},
			"resetPoint": 58880
		},
		"imagePref": {
			"prefix": "icon-",
			"png": true,
			"useClassSelector": true,
			"color": 4473924,
			"bgColor": 16777215
		},
		"historySize": 100,
		"showCodes": true,
		"showLiga": true
	}
}